|    |   Input Length |   Output Length |   #Requests_FP8 |   Batch Size |   GPUs |   num_samples_FP8 |   num_error_samples_FP8 |   total_latency(ms)_FP8 |   seq_throughput(seq/sec)_FP8 |   Token Throughput_FP8 |   avg_sequence_latency(ms)_FP8 |   max_sequence_latency(ms)_FP8 |   min_sequence_latency(ms)_FP8 |   p99_sequence_latency(ms)_FP8 |   p90_sequence_latency(ms)_FP8 |   p50_sequence_latency(ms)_FP8 |   Prefill Latency_FP8 |   max_time_to_first_token(ms)_FP8 |   min_time_to_first_token(ms)_FP8 |   p99_time_to_first_token(ms)_FP8 |   p90_time_to_first_token(ms)_FP8 |   p50_time_to_first_token(ms)_FP8 |   Inter-Token Latency_FP8 |   max_inter_token_latency(ms)_FP8 |   min_inter_token_latency(ms)_FP8 |   p99_inter_token_latency(ms)_FP8 |   p90_inter_token_latency(ms)_FP8 |   p50_inter_token_latency(ms)_FP8 |   util_min_FP8 |   util_max_FP8 |   Compute Utilization_FP8 |   mem_min_FP8 |   mem_max_FP8 |   mem_avg_FP8 |   #Requests_FP16 |   num_samples_FP16 |   num_error_samples_FP16 |   total_latency(ms)_FP16 |   seq_throughput(seq/sec)_FP16 |   Token Throughput_FP16 |   avg_sequence_latency(ms)_FP16 |   max_sequence_latency(ms)_FP16 |   min_sequence_latency(ms)_FP16 |   p99_sequence_latency(ms)_FP16 |   p90_sequence_latency(ms)_FP16 |   p50_sequence_latency(ms)_FP16 |   Prefill Latency_FP16 |   max_time_to_first_token(ms)_FP16 |   min_time_to_first_token(ms)_FP16 |   p99_time_to_first_token(ms)_FP16 |   p90_time_to_first_token(ms)_FP16 |   p50_time_to_first_token(ms)_FP16 |   Inter-Token Latency_FP16 |   max_inter_token_latency(ms)_FP16 |   min_inter_token_latency(ms)_FP16 |   p99_inter_token_latency(ms)_FP16 |   p90_inter_token_latency(ms)_FP16 |   p50_inter_token_latency(ms)_FP16 |   util_min_FP16 |   util_max_FP16 |   Compute Utilization_FP16 |   mem_min_FP16 |   mem_max_FP16 |   mem_avg_FP16 |
|---:|---------------:|----------------:|----------------:|-------------:|-------:|------------------:|------------------------:|------------------------:|------------------------------:|-----------------------:|-------------------------------:|-------------------------------:|-------------------------------:|-------------------------------:|-------------------------------:|-------------------------------:|----------------------:|----------------------------------:|----------------------------------:|----------------------------------:|----------------------------------:|----------------------------------:|--------------------------:|----------------------------------:|----------------------------------:|----------------------------------:|----------------------------------:|----------------------------------:|---------------:|---------------:|--------------------------:|--------------:|--------------:|--------------:|-----------------:|-------------------:|-------------------------:|-------------------------:|-------------------------------:|------------------------:|--------------------------------:|--------------------------------:|--------------------------------:|--------------------------------:|--------------------------------:|--------------------------------:|-----------------------:|-----------------------------------:|-----------------------------------:|-----------------------------------:|-----------------------------------:|-----------------------------------:|---------------------------:|-----------------------------------:|-----------------------------------:|-----------------------------------:|-----------------------------------:|-----------------------------------:|----------------:|----------------:|---------------------------:|---------------:|---------------:|---------------:|
|  0 |            128 |            2048 |              32 |            2 |      4 |                32 |                       0 |        371147           |                     0.0862193 |                176.577 |                        23196.6 |                        23321.6 |                        23152.7 |                        23321.6 |                        23204.7 |                        23191.9 |               47.2639 |                          223.972  |                           35.3291 |                          223.972  |                           35.6661 |                           35.4682 |                  11.3089  |                          11.3186  |                          11.2836  |                          11.3186  |                          11.3163  |                          11.3117  |              0 |            100 |                   90.0603 |   0.000695551 |       95.5047 |       87.3007 |               32 |                 32 |                        0 |         579076           |                      0.0552605 |                113.173  |                         36191.6 |                         36300.4 |                         36019.4 |                         36300.4 |                         36256.6 |                         36179.6 |                74.6303 |                            299.808 |                            41.1668 |                            299.808 |                           151.806  |                            50.2903 |                    17.6439 |                            17.6897 |                            17.5761 |                            17.6897 |                            17.6871 |                            17.6355 |               0 |             100 |                    91.2207 |    0.000695551 |        96.1334 |        89.092  |
|  1 |            128 |            2048 |            1024 |           64 |      2 |              1024 |                       0 |        620534           |                     1.65019   |               3379.59  |                        38782.4 |                        38829   |                        38745.1 |                        38813.3 |                        38806.6 |                        38784.1 |              576.037  |                          701.932  |                          571.175  |                          590.931  |                          577.849  |                          575.643  |                  18.6645  |                          18.6776  |                          18.6258  |                          18.6776  |                          18.6755  |                          18.6657  |              0 |            100 |                   92.0537 |   0.000695551 |       96.1362 |       89.8371 |             1024 |               1024 |                        0 |         944680           |                      1.08397   |               2219.96   |                         59040.7 |                         59189.7 |                         58919.8 |                         59163   |                         59077.4 |                         59060.9 |              1007.22   |                           1204.85  |                          1002.72   |                           1032.83  |                          1008.26   |                          1005.6    |                    28.3504 |                            28.3978 |                            28.2835 |                            28.3978 |                            28.3698 |                            28.3606 |               0 |             100 |                    91.9249 |    0.000695551 |        97.3145 |        91.2443 |
|  2 |            128 |            2048 |             128 |            8 |      2 |               128 |                       0 |        514002           |                     0.249026  |                510.006 |                        32124.5 |                        32144.4 |                        32106.6 |                        32144.4 |                        32133.6 |                        32124.7 |               91.5975 |                          156.321  |                           63.4665 |                          156.319  |                          112.162  |                           78.9048 |                  15.6487  |                          15.6645  |                          15.6268  |                          15.6645  |                          15.6595  |                          15.6527  |              0 |            100 |                   90.4329 |   0.000695551 |       96.132  |       88.2338 |              128 |                128 |                        0 |         872508           |                      0.146704  |                300.449  |                         54531   |                         54585.3 |                         54518.5 |                         54585.3 |                         54560.5 |                         54525.3 |               162.971  |                            297.891 |                           100.738  |                            297.881 |                           213.41   |                           182.944  |                    26.5599 |                            26.5971 |                            26.5205 |                            26.5971 |                            26.5881 |                            26.5485 |               0 |             100 |                    91.2996 |    0.000695551 |        97.3145 |        90.5404 |
|  3 |            128 |            2048 |            2048 |          128 |      4 |              2048 |                       0 |        637681           |                     3.21163   |               6577.43  |                        39853.4 |                        40347.1 |                        39557.3 |                        39999.5 |                        39886.1 |                        39833.9 |              529.771  |                          852.626  |                          362.649  |                          764.278  |                          695.44   |                          414.611  |                  19.2103  |                          19.3289  |                          19.1043  |                          19.3289  |                          19.305   |                          19.2642  |              0 |            100 |                   92.7713 |   0.000695551 |       95.513  |       90.4069 |             2048 |               2048 |                        0 |         849363           |                      2.41122   |               4938.18   |                         53082.6 |                         53731.6 |                         52572.9 |                         53187.2 |                         53148.3 |                         53077.3 |               840.323  |                           1329.44  |                           563.251  |                           1240.98  |                          1109.09   |                           700.213  |                    25.5215 |                            25.6888 |                            25.3461 |                            25.6888 |                            25.6674 |                            25.6092 |               0 |             100 |                    93.3162 |    0.000695551 |        96.1404 |        91.0996 |
|  4 |            128 |            2048 |             256 |           16 |      2 |               256 |                       0 |        532375           |                     0.480864  |                984.81  |                        33273   |                        33297.4 |                        33220   |                        33297.3 |                        33293.3 |                        33274.2 |              147.085  |                          199.584  |                           62.7797 |                          199.583  |                          178.345  |                          176.127  |                  16.1827  |                          16.2275  |                          16.1395  |                          16.2275  |                          16.2171  |                          16.1728  |              0 |            100 |                   91.2165 |   0.000695551 |       96.132  |       89.0441 |              256 |                256 |                        0 |         883910           |                      0.289622  |                593.147  |                         55243   |                         55365.4 |                         55017.7 |                         55365.4 |                         55353.3 |                         55258.4 |               265.381  |                            326.206 |                           214.018  |                            326.203 |                           324.683  |                           242.473  |                    26.8576 |                            26.929  |                            26.7423 |                            26.929  |                            26.9227 |                            26.8646 |               0 |             100 |                    91.2767 |    0.000695551 |        97.3089 |        90.7985 |
|  5 |            128 |            2048 |              32 |            2 |      2 |                32 |                       0 |        500040           |                     0.0639948 |                131.061 |                        31252.5 |                        31292.3 |                        31222.4 |                        31292.3 |                        31268.9 |                        31252.4 |               50.7376 |                          101.175  |                           47.2535 |                          101.175  |                           47.6407 |                           47.3252 |                  15.2427  |                          15.2524  |                          15.2297  |                          15.2524  |                          15.2505  |                          15.2425  |              0 |             99 |                   89.9842 |   0.000695551 |       96.1334 |       88.1476 |               32 |                 32 |                        0 |         849887           |                      0.0376521 |                 77.1114 |                         53117.9 |                         53190.6 |                         53101.1 |                         53190.6 |                         53147.9 |                         53107.3 |                87.4444 |                            122.009 |                            84.847  |                            122.009 |                            85.3719 |                            85.1869 |                    25.9064 |                            25.9251 |                            25.8993 |                            25.9251 |                            25.9221 |                            25.9025 |               0 |             100 |                    91.3151 |    0.000695551 |        97.3089 |        90.3551 |
|  6 |            128 |            2048 |              64 |            4 |      2 |                64 |                       0 |        499980           |                     0.128005  |                262.154 |                        31248.2 |                        31294.4 |                        31104.4 |                        31294.4 |                        31284   |                        31272.1 |               77.4867 |                          132.334  |                           61.4155 |                          132.334  |                           94.8071 |                           62.992  |                  15.2275  |                          15.255   |                          15.165   |                          15.255   |                          15.2506  |                          15.2352  |              0 |            100 |                   90.117  |   0.000695551 |       96.1334 |       88.1515 |               64 |                 64 |                        0 |         870656           |                      0.0735078 |                150.544  |                         54414.7 |                         54497.6 |                         54330.8 |                         54497.6 |                         54432.1 |                         54424.5 |               107.88   |                            187.175 |                           100.671  |                            187.175 |                           124.058  |                           101.342  |                    26.5299 |                            26.5589 |                            26.4901 |                            26.5589 |                            26.5415 |                            26.5324 |               0 |             100 |                    91.1907 |    0.000695551 |        97.3145 |        90.3181 |
|  7 |            128 |            2048 |             512 |           32 |      4 |               512 |                       0 |        441051           |                     1.16086   |               2377.45  |                        27565.4 |                        27586.3 |                        27494.5 |                        27586.2 |                        27586   |                        27573.6 |              186.851  |                          281.5    |                           53.2567 |                          281.491  |                          210.827  |                          210.204  |                  13.375   |                          13.4438  |                          13.3196  |                          13.4438  |                          13.4377  |                          13.3689  |              0 |             99 |                   90.8152 |   0.000695551 |       95.5047 |       88.0964 |              512 |                512 |                        0 |         642848           |                      0.796456  |               1631.14   |                         40177.6 |                         40327.4 |                         40156.9 |                         40327.4 |                         40176.3 |                         40169.4 |               275.575  |                            469.046 |                            61.0885 |                            469.037 |                           302.681  |                           301.068  |                    19.493  |                            19.6608 |                            19.4705 |                            19.5868 |                            19.5823 |                            19.4766 |               0 |             100 |                    91.6492 |    0.000695551 |        96.1279 |        89.7038 |
|  8 |            128 |            2048 |             256 |           16 |      4 |               256 |                       0 |        401257           |                     0.637995  |               1306.61  |                        25078.3 |                        25131.9 |                        24902.4 |                        25131.9 |                        25128.1 |                        25111.9 |              112.845  |                          202.304  |                           42.2519 |                          202.291  |                          125.319  |                          124.884  |                  12.1961  |                          12.2507  |                          12.0955  |                          12.2507  |                          12.243   |                          12.2087  |              0 |            100 |                   90.3883 |   0.000695551 |       95.5047 |       87.5568 |              256 |                256 |                        0 |         608217           |                      0.420902  |                862.008  |                         38013.2 |                         38043.2 |                         38004.8 |                         38043.2 |                         38021.1 |                         38012.3 |               161.559  |                            221.095 |                            62.1509 |                            221.085 |                           187.277  |                           186.518  |                    18.4913 |                            18.5451 |                            18.4749 |                            18.5451 |                            18.5306 |                            18.479  |               0 |             100 |                    91.8189 |    0.000695551 |        96.1279 |        89.564  |
|  9 |            128 |            2048 |             512 |           32 |      2 |               512 |                       0 |        574616           |                     0.891029  |               1824.83  |                        35913.3 |                        35946.2 |                        35802.6 |                        35946.2 |                        35943.1 |                        35925.5 |              281.635  |                          320.043  |                           63.1498 |                          320.028  |                          317.932  |                          313.862  |                  17.4068  |                          17.5207  |                          17.3365  |                          17.5192  |                          17.5077  |                          17.3991  |              0 |            100 |                   91.4626 |   0.000695551 |       96.132  |       89.2509 |              512 |                512 |                        0 |         935547           |                      0.547273  |               1120.82   |                         58471.5 |                         58630.6 |                         58294.1 |                         58630.5 |                         58607.9 |                         58460.6 |               533.979  |                            676.494 |                           114.793  |                            676.487 |                           565.553  |                           543.141  |                    28.3036 |                            28.575  |                            28.2279 |                            28.5428 |                            28.3525 |                            28.3117 |               0 |             100 |                    92.0257 |    0.000695551 |        97.3145 |        91.3081 |
| 10 |            128 |            2048 |             128 |            8 |      8 |               128 |                       0 |        300104           |                     0.426518  |                873.51  |                        18756.2 |                        18792.6 |                        18605.1 |                        18792.6 |                        18786.5 |                        18777.8 |               67.1899 |                          239.742  |                           34.7231 |                          239.732  |                           69.6898 |                           51.8943 |                   9.12994 |                           9.15911 |                           9.04233 |                           9.15911 |                           9.1543  |                           9.14145 |              0 |            100 |                   87.8693 |   0.000695551 |       95.5561 |       85.8156 |              128 |                128 |                        0 |         468882           |                      0.27299   |                559.083  |                         29304.6 |                         29398.7 |                         29234.6 |                         29398.7 |                         29326.3 |                         29300.3 |                88.2321 |                            259.207 |                            46.2565 |                            259.196 |                            94.0895 |                            93.7405 |                    14.2728 |                            14.2969 |                            14.2352 |                            14.2969 |                            14.2902 |                            14.2739 |               0 |             100 |                    90.5104 |    0.000695551 |        95.9164 |        88.6509 |
| 11 |            128 |            2048 |              64 |            4 |      8 |                64 |                       0 |        286523           |                     0.223368  |                457.457 |                        17907.4 |                        17995.1 |                        17890.3 |                        17995.1 |                        17917.7 |                        17901.2 |               53.1674 |                          146.397  |                           37.331  |                          146.397  |                           60.2441 |                           55.3114 |                   8.72213 |                           8.73486 |                           8.70453 |                           8.73486 |                           8.72826 |                           8.72274 |              0 |            100 |                   87.8838 |   0.000695551 |       95.5561 |       85.8192 |               64 |                 64 |                        0 |         461514           |                      0.138674  |                284.005  |                         28844.1 |                         28940.7 |                         28685.7 |                         28940.7 |                         28913   |                         28875.6 |                59.361  |                            134.076 |                            46.4653 |                            134.076 |                            75.1458 |                            51.7792 |                    14.0619 |                            14.0993 |                            13.9907 |                            14.0993 |                            14.0962 |                            14.0726 |               0 |             100 |                    90.1061 |    0.000695551 |        95.9164 |        88.1154 |
| 12 |            128 |            2048 |            4096 |          256 |      2 |              4096 |                       0 |             1.13748e+06 |                     3.60093   |               7374.7   |                        71085.2 |                        72808.8 |                        69499.4 |                        72223   |                        71135.1 |                        71076.8 |             1041.56   |                         2422.45   |                          571.343  |                         2316.74   |                         1169      |                         1157.06   |                  34.2178  |                          34.4503  |                          33.5965  |                          34.4503  |                          34.4238  |                          34.1603  |              0 |            100 |                   94.8448 |   0.000695551 |       96.1404 |       92.4828 |             4096 |               4096 |                        0 |              2.3551e+06  |                      1.7392    |               3561.89   |                        143729   |                        219737   |                        108448   |                        218742   |                        216951   |                        110466   |             35831.4    |                         111271     |                          1002.58   |                         110280     |                        108477      |                          1986.53   |                    52.7091 |                            53.4162 |                            27.5338 |                            53.3959 |                            53.0078 |                            52.9862 |               0 |             100 |                    96.1062 |    0.000695551 |        97.32   |        94.6477 |
| 13 |            128 |            2048 |             128 |            8 |      4 |               128 |                       0 |        401533           |                     0.318778  |                652.858 |                        25095.3 |                        25130.4 |                        24998.1 |                        25130.4 |                        25114.2 |                        25105   |               70.0098 |                           86.3405 |                           42.4122 |                           86.3384 |                           86.186  |                           54.7881 |                  12.2254  |                          12.2499  |                          12.176   |                          12.2499  |                          12.2413  |                          12.2262  |              0 |            100 |                   90.6788 |   0.000695551 |       95.5019 |       87.8475 |              128 |                128 |                        0 |         595639           |                      0.214895  |                440.105  |                         37226.7 |                         37246.5 |                         37164.9 |                         37246.5 |                         37245.3 |                         37231.4 |                88.9519 |                            138.029 |                            61.0459 |                            138.021 |                           104.174  |                            80.0299 |                    18.1425 |                            18.1565 |                            18.1051 |                            18.1565 |                            18.1549 |                            18.1442 |               0 |             100 |                    91.2887 |    0.000695551 |        96.1279 |        89.3131 |
| 14 |            128 |            2048 |            4096 |          256 |      4 |              4096 |                       0 |        877651           |                     4.667     |               9558.02  |                        54846.3 |                        55949.2 |                        53960.8 |                        55583   |                        54885.5 |                        54837.5 |              639.92   |                         1533.96   |                          375.727  |                         1462.4    |                          719.108  |                          706.27   |                  26.4811  |                          26.6304  |                          26.1429  |                          26.6304  |                          26.6056  |                          26.4482  |              0 |            100 |                   94.2244 |   0.000695551 |       95.5088 |       91.8282 |             4096 |               4096 |                        0 |              1.76887e+06 |                      2.3156    |               4742.35   |                        108832   |                        111875   |                         55584.1 |                        111301   |                        110619   |                        110537   |             54112.8    |                          56773.1   |                           674.558  |                          56703.8   |                         55869.2    |                         55829.3    |                    26.7315 |                            26.9937 |                            26.4526 |                            26.9678 |                            26.7557 |                            26.7284 |               0 |             100 |                    94.7578 |    0.000695551 |        96.1404 |        93.7932 |
| 15 |            128 |            2048 |              32 |            2 |      8 |                32 |                       0 |        280153           |                     0.114223  |                233.93  |                        17509.5 |                        17519.3 |                        17490.7 |                        17519.3 |                        17518.3 |                        17513.1 |               32.6095 |                           96.0266 |                           28.2546 |                           96.0266 |                           28.5745 |                           28.3331 |                   8.53781 |                           8.54461 |                           8.50962 |                           8.54461 |                           8.54413 |                           8.5397  |              0 |            100 |                   87.8325 |   0.000695551 |       95.5561 |       85.9158 |               32 |                 32 |                        0 |         460407           |                      0.0695037 |                142.344  |                         28775.4 |                         28833.1 |                         28639.2 |                         28833.1 |                         28805.6 |                         28796.7 |                49.5879 |                            236.005 |                            36.9758 |                            236.005 |                            37.391  |                            37.1751 |                    14.0331 |                            14.0539 |                            13.9703 |                            14.0539 |                            14.0538 |                            14.0491 |               0 |             100 |                    90.8847 |    0.000695551 |        95.9164 |        88.7234 |
| 16 |            128 |            2048 |             256 |           16 |      8 |               256 |                       0 |        327925           |                     0.780666  |               1598.8   |                        20495.1 |                        20524   |                        20345.7 |                        20524   |                        20520.7 |                        20511.8 |               81.284  |                          123.499  |                           44.7918 |                          123.489  |                          104.391  |                           92.4648 |                   9.97253 |                          10.0045  |                           9.8997  |                          10.0045  |                           9.99955 |                           9.97632 |              0 |             99 |                   89.082  |   0.000695551 |       95.5561 |       87.4169 |              256 |                256 |                        0 |         489234           |                      0.523267  |               1071.65   |                         30576.8 |                         30668   |                         30409.4 |                         30668   |                         30627.7 |                         30610.8 |               124.263  |                            365.61  |                            46.6656 |                            365.6   |                           127.301  |                           126.961  |                    14.8767 |                            14.9323 |                            14.8033 |                            14.9323 |                            14.9244 |                            14.8924 |               0 |             100 |                    89.7432 |    0.000695551 |        95.9164 |        88.261  |
| 17 |            128 |            2048 |              64 |            4 |      4 |                64 |                       0 |        400011           |                     0.159996  |                327.671 |                        25000.4 |                        25260.9 |                        24902.6 |                        25260.9 |                        25010.8 |                        24996.9 |               50.7527 |                          203.834  |                           42.0947 |                          203.834  |                           42.6195 |                           42.4206 |                  12.1884  |                          12.2885  |                          12.1446  |                          12.2885  |                          12.1976  |                          12.1909  |              0 |            100 |                   89.7635 |   0.000695551 |       95.5088 |       86.879  |               64 |                 64 |                        0 |         608312           |                      0.105209  |                215.468  |                         38018.6 |                         38398.5 |                         37832.1 |                         38398.5 |                         38147   |                         37926.3 |                73.4074 |                            324.99  |                            58.2019 |                            324.99  |                            72.9236 |                            61.7662 |                    18.537  |                            18.6429 |                            18.4515 |                            18.6429 |                            18.6029 |                            18.4977 |               0 |             100 |                    91.4276 |    0.000695551 |        96.1334 |        89.4135 |
| 18 |            128 |            2048 |            2048 |          128 |      2 |              2048 |                       0 |        778165           |                     2.63183   |               5389.99  |                        48632.2 |                        49334.2 |                        48126.8 |                        48756.6 |                        48708.3 |                        48615.2 |              867.742  |                         1304.67   |                          577.094  |                         1165.8    |                         1154.41   |                          648.502  |                  23.3344  |                          23.5248  |                          23.1513  |                          23.5248  |                          23.4855  |                          23.4216  |              0 |            100 |                   93.2799 |   0.000695551 |       96.1404 |       90.9938 |             2048 |               2048 |                        0 |              1.20186e+06 |                      1.70403   |               3489.85   |                         75115.6 |                         75182.8 |                         75005.8 |                         75182.8 |                         75162.9 |                         75105.3 |              1473.77   |                           2092.54  |                           106.335  |                           2092.52  |                          1957.41   |                          1134.3    |                    35.9754 |                            36.6411 |                            35.687  |                            36.623  |                            36.1792 |                            36.1159 |               0 |             100 |                    93.5856 |    0.000695551 |        97.3145 |        92.7098 |
| 19 |            128 |            2048 |            1024 |           64 |      4 |              1024 |                       0 |        511264           |                     2.00288   |               4101.9   |                        31953.9 |                        32163.2 |                        31737.1 |                        32163.1 |                        32142   |                        31946.2 |              352.819  |                          452.368  |                           44.2484 |                          452.352  |                          373.829  |                          373.146  |                  15.4376  |                          15.6832  |                          15.322   |                          15.6596  |                          15.5297  |                          15.4284  |              0 |            100 |                   91.6235 |   0.000695551 |       95.5047 |       89.0342 |             1024 |               1024 |                        0 |         687072           |                      1.49038   |               3052.3    |                         42940.8 |                         43030.5 |                         42919.6 |                         43012.2 |                         42951   |                         42935.8 |               555.208  |                            662.089 |                           551.363  |                            575.323 |                           555.355  |                           553.851  |                    20.7062 |                            20.7313 |                            20.6905 |                            20.7313 |                            20.712  |                            20.704  |               0 |             100 |                    91.9723 |    0.000695551 |        96.1334 |        90.0603 |